id,rain_sum (mm)
0,0.2
1,0.5
2,0.0
3,-0.1
4,-0.4
5,0.1
6,0.8
7,0.3
8,0.0
9,-0.0
10,2.5
11,1.0
12,-0.1
13,0.1
14,-0.0
15,-0.3
16,0.8
17,1.6
18,0.9
19,-0.1
20,-0.0
21,-0.3
22,-0.2
23,-0.3
24,-0.1
25,-0.3
26,-0.2
27,0.1
28,0.1
29,-0.1
30,0.1
31,0.1
32,0.5
33,0.6
34,-0.5
35,-0.8
36,0.2
37,0.3
38,-0.1
39,0.1
40,2.6
41,7.4
42,2.1
43,19.9
44,5.0
45,0.7
46,0.7
47,0.1
48,0.1
49,0.7
50,2.7
51,0.7
52,2.1
53,6.6
54,1.5
55,3.8
56,0.8
57,0.4
58,0.0
59,0.1
60,0.8
61,1.2
62,1.3
63,15.0
64,5.0
65,5.5
66,1.8
67,1.1
68,0.2
69,0.1
70,0.5
71,0.5
72,0.1
73,0.1
74,0.4
75,0.7
76,5.3
77,24.4
78,4.8
79,2.9
80,3.0
81,2.2
82,2.3
83,4.6
84,19.6
85,7.1
86,7.3
87,4.4
88,13.7
89,10.6
90,9.8
91,3.1
92,9.5
93,26.4
94,4.8
95,7.7
96,6.8
97,7.7
98,10.5
99,31.1
100,12.3
101,12.2
102,12.2
103,21.9
104,13.8
105,8.9
106,7.5
107,10.3
108,30.1
109,2.9
110,5.5
111,11.8
112,9.6
113,8.0
114,13.7
115,14.2
116,18.7
117,4.6
118,4.2
119,7.7
120,22.9
121,7.4
122,32.2
123,10.1
124,14.5
125,4.3
126,6.5
127,6.0
128,13.2
129,11.6
130,10.2
131,11.6
132,3.8
133,13.1
134,30.4
135,7.5
136,5.0
137,7.9
138,13.5
139,18.6
140,-0.4
141,3.4
142,3.6
143,4.1
144,3.5
145,22.0
146,10.2
147,6.5
148,10.0
149,20.4
150,11.2
151,6.7
152,2.1
153,1.1
154,2.3
155,8.5
156,5.3
157,2.3
158,17.0
159,5.3
160,26.4
161,13.6
162,8.2
163,3.9
164,1.8
165,9.4
166,7.9
167,13.6
168,7.1
169,23.1
170,2.5
171,2.2
172,0.9
173,1.7
174,3.2
175,5.6
176,8.9
177,2.2
178,2.1
179,5.1
180,6.1
181,9.4
182,6.9
183,6.0
184,5.0
185,12.8
186,10.4
187,19.4
188,7.9
189,9.1
190,9.0
191,9.2
192,9.6
193,9.9
194,6.5
195,10.9
196,6.4
197,8.4
198,18.3
199,1.0
200,19.3
201,6.9
202,10.9
203,3.8
204,1.3
205,3.1
206,12.8
207,8.7
208,9.8
209,6.5
210,6.7
211,4.3
212,16.7
213,4.6
214,12.3
215,10.5
216,19.2
217,15.8
218,14.3
219,23.7
220,6.5
221,4.9
222,6.8
223,7.9
224,11.8
225,0.6
226,2.6
227,13.9
228,15.4
229,13.0
230,12.1
231,6.4
232,5.7
233,6.6
234,5.7
235,3.1
236,0.5
237,2.9
238,2.8
239,4.2
240,8.1
241,1.1
242,14.2
243,5.7
244,1.2
245,0.4
246,4.9
247,3.3
248,3.8
249,3.2
250,0.4
251,0.0
252,0.5
253,-0.6
254,-0.2
255,1.6
256,2.2
257,10.2
258,26.6
259,13.1
260,12.0
261,1.4
262,5.0
263,8.3
264,3.1
265,5.6
266,8.8
267,4.3
268,4.2
269,8.4
270,3.5
271,-0.7
272,0.1
273,0.9
274,0.8
275,2.5
276,3.3
277,9.9
278,26.8
279,18.6
280,5.4
281,4.5
282,3.6
283,6.0
284,2.0
285,2.2
286,5.1
287,8.5
288,7.5
289,9.6
290,8.1
291,2.6
292,1.4
293,1.5
294,5.2
295,30.2
296,11.2
297,2.7
298,3.0
299,1.5
300,1.7
301,3.3
302,0.5
303,0.2
304,4.1
305,8.3
306,5.4
307,1.2
308,13.5
309,4.5
310,5.1
311,1.4
312,2.3
313,8.4
314,5.5
315,2.1
316,7.4
317,3.8
318,-0.2
319,5.1
320,1.2
321,-0.2
322,-0.1
323,0.2
324,0.4
325,0.1
326,11.5
327,1.0
328,0.4
329,0.3
330,-0.1
331,0.6
332,0.3
333,8.1
334,8.3
335,6.9
336,16.4
337,1.9
338,0.7
339,0.2
340,0.3
341,0.9
342,0.4
343,7.3
344,1.5
345,2.3
346,1.1
347,1.6
348,0.6
349,0.4
350,0.3
351,0.3
352,1.0
353,-0.1
354,0.7
355,0.4
356,-0.1
357,0.1
358,0.3
359,0.1
360,0.1
361,1.4
362,0.3
363,1.8
364,0.4
365,-0.1
366,0.2
367,0.5
368,0.1
369,0.3
370,0.2
371,0.5
372,1.0
373,5.5
374,9.2
375,13.2
376,2.2
377,1.9
378,0.3
379,0.9
380,0.6
381,0.6
382,0.6
383,0.4
384,0.8
385,0.5
386,0.7
387,0.6
388,0.7
389,1.3
390,-0.1
391,0.7
392,2.0
393,0.8
394,0.2
395,0.0
396,0.5
397,1.8
398,0.3
399,0.3
400,1.6
401,7.3
402,5.4
403,1.1
404,1.8
405,1.0
406,0.3
407,0.2
408,0.9
409,0.5
410,0.7
411,0.1
412,0.2
413,0.7
414,0.8
415,0.7
416,0.7
417,0.8
418,0.2
419,0.4
420,-0.2
421,0.7
422,6.6
423,11.7
424,8.4
425,23.7
426,10.5
427,10.4
428,13.8
429,4.3
430,7.7
431,5.1
432,3.4
433,4.5
434,5.3
435,3.7
436,6.3
437,2.7
438,5.5
439,21.8
440,10.8
441,9.6
442,16.3
443,4.4
444,9.3
445,9.9
446,21.7
447,21.4
448,6.3
449,0.7
450,1.2
451,0.9
452,0.4
453,1.6
454,0.7
455,1.9
456,6.5
457,3.5
458,10.8
459,5.2
460,1.6
461,25.1
462,7.2
463,6.2
464,23.5
465,11.3
466,29.1
467,10.7
468,12.5
469,3.8
470,6.9
471,7.2
472,3.2
473,1.2
474,2.5
475,19.6
476,27.4
477,13.4
478,16.4
479,8.9
480,8.8
481,12.4
482,10.0
483,5.9
484,4.8
485,2.1
486,7.8
487,18.2
488,3.9
489,2.4
490,1.1
491,1.2
492,-0.4
493,1.3
494,1.0
495,4.4
496,9.4
497,6.3
498,23.1
499,2.4
500,1.4
501,4.2
502,15.7
503,6.8
504,6.1
505,5.3
506,5.4
507,1.8
508,1.0
509,0.5
510,1.1
511,7.0
512,4.8
513,0.3
514,0.0
515,6.9
516,2.2
517,1.3
518,1.4
519,0.8
520,0.4
521,0.7
522,1.1
523,3.1
524,0.7
525,-0.3
526,0.2
527,0.0
528,-0.1
529,-0.3
530,1.7
531,1.3
532,0.6
533,1.0
534,0.2
535,0.2
536,0.3
537,-0.1
538,0.8
539,0.9
540,1.2
541,3.1
542,0.2
543,2.6
544,2.7
545,23.0
546,11.6
547,18.1
548,19.2
549,7.9
550,1.0
551,0.5
552,1.3
553,0.7
554,12.5
555,5.1
556,8.5
557,6.2
558,3.9
559,1.6
560,0.7
561,1.4
562,1.1
563,1.0
564,1.1
565,0.3
566,0.9
567,1.9
568,0.3
569,-0.1
570,-0.5
571,-0.4
572,0.0
573,-0.2
574,0.1
575,0.1
576,0.1
577,0.5
578,0.4
579,1.7
580,15.3
581,4.2
582,20.1
583,1.8
584,4.0
585,1.6
586,1.1
587,1.0
588,2.0
589,16.7
590,20.2
591,13.5
592,8.0
593,22.4
594,10.4
595,29.7
596,15.7
597,8.2
598,37.4
599,19.0
600,24.5
601,4.7
602,13.9
603,10.5
604,16.5
605,27.6
606,7.7
607,12.1
608,16.3
609,27.2
610,21.8
611,19.7
612,19.8
613,29.6
614,24.0
615,8.6
616,17.1
617,29.8
618,13.7
619,16.0
620,14.4
621,19.1
622,60.7
623,21.7
624,14.0
625,17.9
626,9.9
627,19.7
628,9.9
629,11.8
630,1.7
631,10.8
632,0.7
633,3.3
634,6.4
635,8.9
636,12.8
637,24.7
638,32.9
639,29.4
640,14.1
641,11.2
642,16.5
643,30.1
644,11.1
645,11.9
646,6.4
647,5.2
648,0.9
649,3.3
650,4.5
651,12.6
652,12.5
653,3.4
654,6.7
655,17.9
656,10.0
657,4.5
658,10.2
659,0.2
660,6.7
661,-0.4
662,23.7
663,7.4
664,24.6
665,22.6
666,4.3
667,1.1
668,24.1
669,7.3
670,9.4
671,20.7
672,18.1
673,17.9
674,5.7
675,4.2
676,2.8
677,1.0
678,1.9
679,6.2
680,5.2
681,1.9
682,0.4
683,3.0
684,0.5
685,10.2
686,7.1
687,1.3
688,3.3
689,11.5
690,10.7
691,14.7
692,10.0
693,12.5
694,13.3
695,14.2
696,19.9
697,14.8
698,28.0
699,8.4
700,13.0
701,10.2
702,14.9
703,17.6
704,7.4
705,12.4
706,5.4
707,4.3
708,3.2
709,15.6
710,26.0
711,9.2
712,4.4
713,8.0
714,12.2
715,7.0
716,3.0
717,8.9
718,14.5
719,16.1
720,13.7
721,22.8
722,9.6
723,5.6
724,13.5
725,14.2
726,20.6
727,8.9
728,10.3
729,15.6
730,10.4
731,9.9
732,23.1
733,10.1
734,3.1
735,1.9
736,14.2
737,10.1
738,14.3
739,4.0
740,9.4
741,7.4
742,4.9
743,26.4
744,9.0
745,7.9
746,3.3
747,-0.1
748,2.7
749,3.5
750,3.1
751,7.9
752,9.2
753,0.7
754,0.4
755,0.2
756,0.8
757,1.7
758,26.6
759,17.8
760,13.6
761,17.7
762,19.3
763,11.8
764,9.0
765,11.0
766,7.6
767,4.9
768,1.0
769,1.9
770,8.2
771,3.6
772,9.6
773,13.6
774,2.5
775,6.1
776,3.1
777,7.2
778,5.4
779,9.0
780,21.2
781,18.1
782,7.4
783,8.5
784,6.7
785,-0.3
786,1.2
787,-0.3
788,19.9
789,16.4
790,13.0
791,21.5
792,10.3
793,1.0
794,1.0
795,4.8
796,17.9
797,14.9
798,5.5
799,3.5
800,2.3
801,2.3
802,13.7
803,-0.2
804,6.4
805,7.9
806,14.0
807,4.9
808,2.1
809,9.4
810,12.1
811,8.9
812,6.5
813,19.1
814,11.8
815,9.3
816,6.2
817,14.3
818,10.7
819,4.3
820,1.0
821,6.5
822,2.0
823,0.7
824,1.9
825,2.3
826,12.5
827,11.4
828,2.9
829,0.5
830,0.2
831,3.0
832,3.5
833,8.0
834,13.0
835,7.6
836,8.5
837,5.4
838,0.6
839,0.0
840,0.3
841,2.2
842,9.0
843,2.3
844,3.6
845,0.9
846,2.4
847,1.1
848,2.0
849,2.2
850,0.1
851,0.2
852,0.0
853,0.5
854,0.9
855,0.1
856,1.1
857,0.7
858,0.5
859,0.7
860,1.1
861,2.1
862,-0.1
863,0.5
864,6.2
865,1.2
866,0.2
867,0.2
868,0.1
869,0.8
870,0.7
871,0.7
872,4.1
873,4.3
874,5.7
875,18.8
876,11.7
877,8.7
878,1.5
879,2.0
880,2.1
881,0.6
882,0.6
883,0.5
884,0.6
885,0.3
886,0.3
887,1.9
888,2.4
889,1.0
890,1.3
891,1.2
892,1.9
893,3.4
894,1.7
895,0.2
896,1.4
897,3.9
898,0.8
899,2.7
900,5.0
901,1.3
902,14.2
903,11.4
904,4.4
905,0.4
906,1.2
907,1.3
908,1.2
909,1.3
910,0.9
911,0.8
912,1.7
913,0.6
914,7.1
915,2.1
916,2.4
917,1.3
918,1.7
919,0.5
920,0.5
921,1.8
922,1.0
923,16.9
924,15.7
925,10.5
926,15.7
927,12.1
928,7.5
929,25.4
930,7.1
931,12.0
932,7.4
933,9.9
934,8.1
935,8.8
936,2.1
937,6.1
938,6.9
939,2.6
940,14.9
941,32.2
942,17.8
943,11.2
944,16.4
945,14.6
946,15.0
947,13.9
948,13.2
949,17.1
950,1.9
951,0.8
952,0.9
953,0.5
954,1.0
955,7.8
956,5.6
957,15.9
958,12.0
959,13.2
960,17.4
961,14.1
962,12.6
963,6.3
964,11.3
965,16.6
966,22.2
967,31.4
968,21.2
969,6.0
970,11.0
971,8.3
972,8.0
973,10.9
974,17.8
975,19.2
976,6.2
977,20.0
978,13.7
979,12.5
980,11.3
981,3.4
982,1.4
983,1.5
984,12.2
985,17.8
986,10.3
987,11.2
988,2.8
989,5.9
990,0.7
991,1.1
992,5.1
993,5.6
994,6.9
995,19.2
996,7.5
997,22.5
998,30.3
999,1.6
1000,1.9
1001,-0.4
1002,6.5
1003,9.0
1004,6.0
1005,8.2
1006,1.0
1007,0.0
1008,-0.2
1009,0.3
1010,0.4
1011,0.0
1012,0.3
1013,0.2
1014,5.7
1015,0.9
1016,0.7
1017,0.1
1018,0.3
1019,1.7
1020,0.3
1021,0.9
1022,1.6
1023,0.4
1024,0.1
1025,-0.2
1026,0.1
1027,0.1
1028,0.4
1029,3.4
1030,2.9
1031,1.8
1032,-0.2
1033,0.0
1034,-0.2
1035,0.4
1036,2.1
1037,3.5
1038,0.3
1039,0.7
1040,1.7
1041,0.1
1042,1.8
1043,3.0
1044,16.3
1045,20.9
1046,18.7
1047,9.9
1048,3.4
1049,3.2
1050,1.4
1051,1.3
1052,0.3
1053,7.2
1054,4.1
1055,0.1
1056,3.1
1057,6.8
1058,4.0
1059,0.0
1060,0.4
1061,0.3
1062,2.3
1063,0.9
1064,2.5
1065,2.0
1066,0.8
1067,0.3
1068,2.8
1069,1.1
1070,-0.1
1071,0.9
1072,0.4
1073,0.4
1074,-0.2
1075,0.1
1076,-0.3
1077,-0.1
1078,0.3
1079,-0.4
1080,11.9
1081,4.9
1082,4.6
1083,1.7
1084,2.4
1085,1.5
1086,1.0
1087,-0.0
1088,1.4
1089,14.2
1090,19.8
1091,7.5
1092,11.8
1093,14.2
1094,10.2
1095,20.6
1096,10.4
1097,5.0
1098,17.8
1099,14.7
1100,18.0
1101,6.2
1102,13.9
1103,6.8
1104,18.5
1105,22.4
1106,11.1
1107,7.3
1108,9.6
1109,26.1
1110,19.6
1111,14.8
1112,9.5
1113,10.6
1114,27.0
1115,10.3
1116,12.0
1117,12.6
1118,12.7
1119,8.4
1120,8.9
1121,11.8
1122,31.8
1123,10.7
1124,19.5
1125,24.2
1126,5.6
1127,9.8
1128,16.2
1129,11.7
1130,10.6
1131,2.0
1132,3.5
1133,0.4
1134,1.0
1135,2.3
1136,6.9
1137,4.5
1138,11.7
1139,20.7
1140,10.8
1141,4.4
1142,18.9
1143,20.0
1144,4.2
1145,0.5
1146,4.6
1147,3.2
1148,0.8
1149,2.8
1150,3.3
1151,2.8
1152,4.0
1153,8.7
1154,3.7
1155,5.6
1156,9.7
1157,9.3
1158,12.9
1159,8.1
1160,0.4
1161,3.1
1162,0.3
1163,9.1
1164,7.8
1165,19.7
1166,1.7
1167,-0.2
1168,7.2
1169,4.6
1170,3.7
1171,19.4
1172,22.0
1173,20.3
1174,2.8
1175,6.2
1176,1.9
1177,1.5
1178,2.4
1179,2.4
1180,4.0
1181,7.9
1182,-0.1
1183,3.0
1184,-0.5
1185,3.7
1186,2.8
1187,1.6
1188,2.3
1189,4.3
1190,9.4
1191,9.0
1192,3.3
1193,7.2
1194,8.9
1195,11.1
1196,6.5
1197,10.3
1198,28.4
1199,10.1
1200,12.1
1201,14.0
1202,13.1
1203,9.4
1204,3.4
1205,19.7
1206,6.3
1207,18.6
1208,3.0
1209,3.5
1210,5.7
1211,3.7
1212,4.6
1213,7.9
1214,6.0
1215,8.3
1216,4.6
1217,7.4
1218,7.3
1219,13.8
1220,8.4
1221,13.2
1222,12.9
1223,7.6
1224,9.8
1225,5.5
1226,7.9
1227,5.1
1228,3.2
1229,6.5
1230,6.5
1231,8.0
1232,23.8
1233,13.6
1234,4.8
1235,4.6
1236,7.8
1237,6.0
1238,6.9
1239,1.5
1240,5.6
1241,4.3
1242,5.1
1243,10.9
1244,7.4
1245,4.2
1246,4.3
1247,2.1
1248,6.5
1249,5.4
1250,2.4
1251,3.6
1252,4.9
1253,1.2
1254,2.1
1255,1.9
1256,1.5
1257,1.2
1258,12.1
1259,5.9
1260,16.8
1261,23.6
1262,24.9
1263,17.7
1264,8.6
1265,4.2
1266,3.0
1267,1.6
1268,1.5
1269,1.8
1270,3.7
1271,6.4
1272,4.8
1273,8.0
1274,1.3
1275,0.8
1276,2.2
1277,3.1
1278,3.0
1279,2.5
1280,14.8
1281,5.3
1282,6.2
1283,2.8
1284,7.4
1285,4.3
1286,1.7
1287,1.9
1288,1.7
1289,16.0
1290,10.3
1291,8.5
1292,6.2
1293,3.0
1294,1.2
1295,1.9
1296,3.0
1297,8.5
1298,13.9
1299,11.9
1300,6.2
1301,2.2
1302,0.4
1303,2.7
1304,16.4
1305,0.9
1306,6.3
1307,3.2
1308,8.6
1309,2.9
1310,1.3
1311,7.3
1312,4.9
1313,8.7
1314,3.4
1315,7.2
1316,6.9
1317,4.5
1318,3.8
1319,11.7
1320,7.0
1321,3.1
1322,1.6
1323,2.5
1324,1.3
1325,0.1
1326,1.2
1327,2.5
1328,8.3
1329,6.7
1330,0.9
1331,0.5
1332,1.1
1333,3.1
1334,3.6
1335,2.8
1336,10.0
1337,1.9
1338,1.7
1339,2.2
1340,0.3
1341,0.2
1342,0.5
1343,0.8
1344,9.8
1345,1.6
1346,3.0
1347,1.9
1348,0.4
1349,0.2
1350,0.1
1351,0.8
1352,0.3
1353,0.2
1354,0.0
1355,0.9
1356,0.4
1357,0.2
1358,0.7
1359,0.4
1360,0.6
1361,0.2
1362,-0.2
1363,1.1
1364,0.4
1365,2.4
1366,0.6
1367,0.2
1368,0.4
1369,-0.1
1370,-0.4
1371,1.6
1372,-0.3
1373,0.1
1374,3.6
1375,1.6
1376,2.1
1377,8.6
1378,9.2
1379,0.1
1380,0.3
1381,1.1
1382,1.5
1383,0.3
1384,0.2
1385,0.5
1386,0.3
1387,0.2
1388,0.1
1389,1.0
1390,1.1
1391,0.8
1392,2.3
1393,1.1
1394,1.0
1395,2.4
1396,0.5
1397,-0.0
1398,0.0
1399,0.4
1400,0.6
1401,1.2
1402,0.8
1403,1.1
1404,13.9
1405,4.0
1406,2.9
1407,0.2
1408,0.5
1409,0.9
1410,3.6
1411,1.9
1412,0.4
1413,-0.1
1414,1.4
1415,1.6
1416,6.2
1417,0.4
1418,1.7
1419,0.6
1420,1.0
1421,0.9
1422,0.5
1423,2.1
1424,0.6
1425,12.3
1426,12.0
1427,6.1
1428,14.4
1429,10.0
1430,7.8
1431,20.0
1432,11.8
1433,7.4
1434,9.2
1435,9.2
1436,5.7
1437,4.7
1438,2.9
1439,4.3
1440,2.2
1441,3.6
1442,6.7
1443,42.3
1444,20.2
1445,16.9
1446,16.9
1447,7.2
1448,8.5
1449,7.6
1450,10.2
1451,12.9
1452,19.5
1453,2.5
1454,0.5
1455,2.3
1456,1.7
1457,1.9
1458,5.6
1459,8.5
1460,6.7
1461,4.3
1462,9.0
1463,20.0
1464,16.5
1465,15.3
1466,14.8
1467,9.9
1468,6.4
1469,12.7
1470,11.6
1471,14.6
1472,23.1
1473,5.9
1474,18.3
1475,1.1
1476,4.8
1477,7.8
1478,10.2
1479,12.4
1480,21.8
1481,10.4
1482,19.0
1483,12.6
1484,24.2
1485,23.0
1486,2.5
1487,0.8
1488,0.6
1489,13.7
1490,16.2
1491,11.7
1492,7.3
1493,4.1
1494,3.3
1495,2.2
1496,2.1
1497,5.8
1498,3.1
1499,8.4
1500,7.5
1501,12.7
1502,17.9
1503,1.9
1504,0.1
1505,0.1
1506,6.2
1507,22.6
1508,0.7
1509,0.2
1510,1.0
1511,-0.1
1512,-0.2
1513,0.8
1514,8.1
1515,19.1
1516,0.1
1517,-0.3
1518,10.8
1519,0.2
1520,-0.1
1521,-0.3
1522,0.9
1523,1.0
1524,10.6
1525,1.6
1526,1.8
1527,0.3
1528,1.4
1529,0.2
1530,-0.1
1531,0.3
1532,-0.4
1533,3.2
1534,1.0
1535,0.8
1536,0.5
1537,0.1
1538,-0.6
1539,0.6
1540,0.4
1541,6.0
1542,8.5
1543,2.3
1544,0.5
1545,0.2
1546,3.9
1547,15.1
1548,10.2
1549,33.2
1550,4.1
1551,0.0
1552,0.3
1553,0.5
1554,5.4
1555,0.5
1556,12.4
1557,-0.0
1558,-0.1
1559,0.1
1560,0.8
1561,11.6
1562,4.9
1563,1.4
1564,-0.0
1565,1.7
1566,1.7
1567,1.0
1568,1.4
1569,5.6
1570,2.0
1571,-0.3
1572,1.8
1573,0.9
1574,0.6
1575,1.0
1576,1.8
1577,0.3
1578,-0.5
1579,1.1
1580,5.5
1581,2.4
1582,5.3
1583,12.8
1584,13.6
1585,7.9
1586,11.6
1587,3.9
1588,0.7
1589,1.2
1590,17.9
1591,4.4
1592,16.6
1593,23.3
1594,3.4
1595,15.8
1596,23.0
1597,19.2
1598,14.4
1599,9.5
1600,10.3
1601,12.8
1602,8.9
1603,16.6
1604,1.0
1605,27.6
1606,1.4
1607,9.8
1608,9.8
1609,19.1
1610,10.7
1611,8.2
1612,21.0
1613,48.7
1614,2.9
1615,6.4
1616,-0.2
1617,16.5
1618,0.9
1619,2.7
1620,14.8
1621,16.6
1622,31.0
1623,5.7
1624,10.8
1625,5.9
1626,0.4
1627,0.3
1628,13.3
1629,7.6
1630,7.7
1631,10.3
1632,2.9
1633,9.5
1634,13.0
1635,10.9
1636,7.7
1637,3.0
1638,4.4
1639,4.4
1640,9.2
1641,17.7
1642,26.8
1643,8.0
1644,13.4
1645,13.1
1646,4.7
1647,13.6
1648,2.5
1649,7.9
1650,10.8
1651,9.8
1652,5.1
1653,4.8
1654,6.0
1655,3.2
1656,1.3
1657,0.5
1658,1.3
1659,1.5
1660,12.0
1661,6.8
1662,2.7
1663,0.9
1664,19.1
1665,15.2
1666,6.9
1667,11.3
1668,7.7
1669,5.0
1670,3.0
1671,5.1
1672,5.0
1673,3.0
1674,14.8
1675,2.3
1676,4.9
1677,1.8
1678,0.1
1679,0.2
1680,2.3
1681,-0.1
1682,0.0
1683,1.0
1684,2.2
1685,3.1
1686,2.3
1687,5.9
1688,0.4
1689,8.0
1690,7.4
1691,7.7
1692,2.3
1693,5.4
1694,12.1
1695,0.9
1696,1.1
1697,0.7
1698,6.2
1699,8.4
1700,8.7
1701,12.1
1702,16.0
1703,9.9
1704,4.7
1705,2.5
1706,0.9
1707,1.1
1708,6.6
1709,0.2
1710,7.3
1711,8.0
1712,4.0
1713,5.0
1714,7.0
1715,1.2
1716,3.7
1717,2.9
1718,7.8
1719,13.6
1720,3.1
1721,4.7
1722,6.6
1723,12.2
1724,21.4
1725,7.6
1726,6.8
1727,16.2
1728,19.0
1729,7.6
1730,6.7
1731,7.8
1732,2.7
1733,5.4
1734,1.6
1735,4.2
1736,5.7
1737,0.7
1738,3.5
1739,9.0
1740,4.5
1741,3.0
1742,0.6
1743,-0.4
1744,1.3
1745,1.1
1746,3.5
1747,7.3
1748,6.8
1749,10.5
1750,4.7
1751,0.2
1752,3.5
1753,9.6
1754,4.2
1755,12.9
1756,12.3
1757,2.0
1758,0.8
1759,2.5
1760,1.0
1761,1.6
1762,7.3
1763,12.1
1764,13.5
1765,4.5
1766,1.4
1767,1.7
1768,12.7
1769,6.9
1770,8.4
1771,6.2
1772,8.6
1773,4.3
1774,3.3
1775,14.2
1776,1.0
1777,5.5
1778,0.7
1779,0.9
1780,0.7
1781,2.1
1782,4.6
1783,3.9
1784,2.4
1785,5.8
1786,2.2
1787,7.6
1788,7.0
1789,13.4
1790,4.0
1791,0.4
1792,11.9
1793,14.2
1794,8.4
1795,7.1
1796,1.9
1797,3.1
1798,8.2
1799,3.3
1800,-0.2
1801,0.9
1802,0.8
1803,2.4
1804,4.4
1805,2.3
1806,14.6
1807,0.8
1808,4.3
1809,12.9
1810,15.1
1811,3.5
1812,8.1
1813,17.0
1814,0.6
1815,8.4
1816,5.7
1817,7.1
1818,6.0
1819,9.7
1820,7.7
1821,4.4
1822,7.4
1823,0.6
1824,13.3
1825,0.8
1826,1.3
1827,0.9
1828,5.6
1829,6.2
1830,9.4
1831,5.1
1832,1.2
1833,1.3
1834,0.5
1835,-0.0
1836,0.1
1837,2.2
1838,1.3
1839,0.5
1840,5.1
1841,0.6
1842,0.6
1843,0.3
1844,0.8
1845,0.8
1846,10.6
1847,8.3
1848,7.5
1849,13.1
1850,17.8
1851,1.0
1852,0.3
1853,0.3
1854,0.5
1855,0.4
1856,1.6
1857,0.1
1858,0.7
1859,2.0
1860,1.8
1861,-0.1
1862,0.4
1863,0.3
1864,0.3
1865,-0.9
1866,-0.5
1867,-0.4
1868,5.6
1869,6.6
1870,1.5
1871,1.3
1872,0.2
1873,0.6
1874,-0.4
1875,1.0
1876,-0.8
1877,7.3
1878,8.7
1879,3.7
1880,4.0
1881,6.4
1882,2.7
1883,1.3
1884,-0.1
1885,2.8
1886,2.6
1887,2.3
1888,1.5
1889,0.9
1890,1.1
1891,1.6
1892,2.1
1893,7.0
1894,1.9
1895,1.3
1896,0.8
1897,0.2
1898,1.2
1899,-0.8
1900,1.1
1901,2.1
1902,2.7
1903,4.9
1904,11.3
1905,15.8
1906,6.1
1907,3.0
1908,2.1
1909,1.2
1910,0.8
1911,6.5
1912,0.2
1913,0.2
1914,1.6
1915,0.5
1916,1.1
1917,15.2
1918,12.3
1919,2.2
1920,1.1
1921,2.3
1922,0.4
1923,3.0
1924,1.1
1925,1.0
1926,2.3
1927,9.1
1928,14.6
1929,19.5
1930,11.9
1931,12.4
1932,7.4
1933,11.8
1934,8.2
1935,7.5
1936,9.4
1937,10.4
1938,12.8
1939,10.0
1940,16.1
1941,4.5
1942,13.9
1943,12.3
1944,10.1
1945,8.9
1946,6.4
1947,12.3
1948,24.9
1949,8.2
1950,13.8
1951,11.7
1952,3.2
1953,1.0
1954,1.3
1955,0.3
1956,2.7
1957,-0.3
1958,3.7
1959,9.4
1960,18.9
1961,17.6
1962,6.5
1963,14.2
1964,4.8
1965,3.0
1966,5.7
1967,5.3
1968,15.5
1969,16.7
1970,5.8
1971,4.7
1972,2.2
1973,15.4
1974,4.8
1975,1.5
1976,0.8
1977,2.6
1978,12.5
1979,6.0
1980,0.6
1981,10.9
1982,2.1
1983,2.6
1984,3.1
1985,3.0
1986,3.6
1987,10.0
1988,17.1
1989,8.2
1990,10.9
1991,11.0
1992,6.6
1993,9.4
1994,3.9
1995,9.3
1996,11.7
1997,13.3
1998,4.3
1999,1.2
2000,7.0
2001,6.8
2002,9.1
2003,6.5
2004,9.4
2005,5.1
2006,4.1
2007,4.2
2008,1.4
2009,2.5
2010,4.4
2011,7.9
2012,3.3
2013,6.6
2014,2.2
2015,4.0
2016,5.3
2017,14.0
2018,13.0
2019,6.9
2020,-1.0
2021,4.5
2022,5.1
2023,7.2
2024,18.1
2025,23.7
2026,13.9
2027,24.5
2028,4.7
2029,4.4
2030,17.5
2031,13.6
2032,7.4
2033,19.3
2034,6.9
2035,7.2
2036,11.3
2037,9.4
2038,27.5
2039,21.9
2040,19.4
2041,10.9
2042,7.8
2043,1.5
2044,3.1
2045,2.9
2046,1.8
2047,14.7
2048,15.5
2049,6.7
2050,3.5
2051,23.8
2052,12.5
2053,1.9
2054,3.4
2055,0.7
2056,6.5
2057,43.3
2058,5.9
2059,0.8
2060,6.7
2061,1.0
2062,3.3
2063,0.3
2064,1.1
2065,11.6
2066,4.0
2067,16.6
2068,12.1
2069,13.3
2070,35.5
2071,0.9
2072,1.6
2073,1.6
2074,5.8
2075,2.3
2076,5.1
2077,2.9
2078,2.2
2079,0.9
2080,4.4
2081,1.1
2082,1.4
2083,6.8
2084,5.5
2085,9.4
2086,5.1
2087,5.6
2088,14.8
2089,-0.1
2090,1.3
2091,4.9
2092,5.4
2093,7.9
2094,9.5
2095,7.9
2096,15.1
2097,3.5
2098,9.3
2099,15.8
2100,6.0
2101,7.4
2102,10.1
2103,4.5
2104,8.4
2105,13.1
2106,4.3
2107,18.2
2108,8.0
2109,15.4
2110,12.2
2111,11.4
2112,14.8
2113,9.0
2114,0.1
2115,9.0
2116,10.2
2117,10.4
2118,2.4
2119,3.8
2120,11.7
2121,20.1
2122,15.3
2123,8.1
2124,20.2
2125,15.5
2126,2.9
2127,2.5
2128,2.4
2129,3.8
2130,10.3
2131,19.7
2132,2.9
2133,8.1
2134,2.6
2135,2.0
2136,7.6
2137,4.7
2138,2.5
2139,6.1
2140,7.7
2141,7.7
2142,8.5
2143,6.4
2144,9.3
2145,6.5
2146,5.0
2147,8.2
2148,7.9
2149,3.2
2150,1.9
2151,7.3
2152,19.2
2153,12.2
2154,9.7
2155,9.5
2156,4.1
2157,3.9
2158,7.5
2159,12.6
2160,18.2
2161,6.5
2162,7.9
2163,5.7
2164,12.4
2165,2.3
2166,5.8
2167,6.5
2168,14.7
2169,14.8
2170,9.9
2171,9.7
2172,4.4
2173,1.7
2174,-1.0
2175,14.4
2176,17.7
2177,10.9
2178,5.9
2179,1.0
2180,6.3
2181,11.4
2182,6.8
2183,11.2
2184,11.8
2185,16.1
2186,6.2
2187,5.0
2188,3.5
2189,0.2
2190,1.5
2191,1.1
2192,14.6
2193,7.1
2194,15.0
2195,5.6
2196,12.4
2197,18.4
2198,4.1
2199,13.7
2200,6.7
2201,1.8
2202,1.4
2203,10.8
2204,5.2
2205,10.6
2206,10.7
2207,10.3
2208,10.2
2209,8.3
2210,4.8
2211,2.2
2212,0.8
2213,0.5
2214,3.0
2215,5.6
2216,1.0
2217,12.0
2218,6.9
2219,8.7
2220,8.2
2221,13.9
2222,10.9
2223,-0.0
2224,11.6
2225,8.7
2226,4.7
2227,7.4
2228,28.7
2229,2.4
2230,14.3
2231,12.2
2232,7.0
2233,19.8
2234,5.9
2235,9.3
2236,3.8
2237,9.4
2238,3.3
2239,1.5
2240,1.8
2241,4.1
2242,2.8
2243,7.3
2244,11.2
2245,2.6
2246,4.3
2247,14.3
2248,12.1
2249,13.7
2250,12.9
2251,3.6
2252,3.2
2253,3.4
2254,3.7
2255,6.0
2256,1.0
2257,0.9
2258,9.1
2259,2.1
2260,11.8
2261,14.9
2262,0.8
2263,2.7
2264,16.2
2265,12.0
2266,6.4
2267,6.4
2268,2.0
2269,16.8
2270,8.5
2271,3.7
2272,3.0
2273,3.9
2274,0.2
2275,8.2
2276,1.3
2277,2.1
2278,3.7
2279,18.5
2280,25.2
2281,16.6
2282,4.8
2283,10.7
2284,14.0
2285,13.6
2286,4.3
2287,4.0
2288,11.2
2289,5.9
2290,10.0
2291,11.7
2292,6.6
2293,12.4
2294,4.2
2295,0.0
2296,12.0
2297,12.4
2298,5.1
2299,-0.4
2300,7.5
2301,1.5
2302,0.5
2303,1.2
2304,0.8
2305,8.2
2306,5.5
2307,0.7
2308,3.6
2309,10.3
2310,2.7
2311,10.0
2312,0.1
2313,0.9
2314,6.4
2315,8.6
2316,2.6
2317,7.4
2318,12.2
2319,11.3
2320,14.5
2321,8.3
2322,7.6
2323,11.8
2324,8.5
2325,12.5
2326,3.0
2327,6.1
2328,2.2
2329,6.0
2330,3.5
2331,7.8
2332,3.3
2333,1.1
2334,6.9
2335,36.6
2336,3.4
2337,4.3
2338,3.2
2339,9.8
2340,13.4
2341,5.5
2342,4.6
2343,1.0
2344,9.8
2345,7.0
2346,0.5
2347,1.1
2348,9.6
2349,1.5
2350,0.0
2351,1.6
2352,1.7
2353,6.3
2354,1.5
2355,2.4
2356,3.1
2357,1.5
2358,12.6
2359,6.5
2360,8.8
2361,11.2
2362,25.7
2363,1.7
2364,1.3
2365,4.9
2366,8.0
2367,2.1
2368,1.2
2369,1.0
2370,1.0
2371,8.6
2372,5.1
2373,-0.7
2374,2.4
2375,8.3
2376,1.8
2377,3.3
2378,0.8
2379,5.1
2380,1.8
2381,0.6
2382,1.8
2383,3.3
2384,8.1
2385,1.3
2386,6.5
2387,11.0
2388,7.1
2389,5.7
2390,11.0
2391,9.1
2392,10.6
2393,1.7
2394,3.4
2395,5.7
2396,10.0
2397,36.5
2398,0.2
2399,-0.2
2400,5.8
2401,11.1
2402,0.4
2403,6.4
2404,2.4
2405,9.8
2406,8.2
2407,4.1
2408,3.4
2409,2.2
2410,2.1
2411,8.2
2412,9.7
2413,0.3
2414,3.8
2415,1.0
2416,12.2
2417,0.3
2418,1.9
2419,1.1
2420,2.2
2421,4.9
2422,0.4
2423,5.3
2424,4.8
2425,10.6
2426,4.7
2427,15.3
2428,13.6
2429,0.5
2430,12.4
2431,21.5
2432,10.3
2433,14.1
2434,7.0
2435,4.0
2436,2.0
2437,7.8
2438,2.9
2439,10.7
2440,8.1
2441,5.4
2442,-0.9
2443,12.3
2444,4.5
2445,2.7
2446,9.7
2447,7.6
2448,10.0
2449,0.6
2450,5.9
2451,0.6
2452,0.5
2453,1.2
2454,5.2
2455,11.2
2456,5.2
2457,6.1
2458,20.4
2459,7.9
2460,3.3
2461,8.7
2462,8.6
2463,4.4
2464,7.5
2465,15.4
2466,16.1
2467,12.6
2468,7.3
2469,9.5
2470,21.8
2471,0.8
2472,0.9
2473,9.2
2474,7.4
2475,10.4
2476,13.4
2477,6.1
2478,9.3
2479,11.9
2480,8.7
2481,10.0
2482,12.6
2483,9.2
2484,17.4
2485,9.1
2486,12.5
2487,6.9
2488,9.2
2489,1.9
2490,-0.2
2491,-0.1
2492,0.9
2493,7.6
2494,20.8
2495,13.2
2496,10.4
2497,17.9
2498,5.1
2499,10.6
2500,7.6
2501,2.8
2502,1.8
2503,2.7
2504,2.2
2505,0.5
2506,2.0
2507,0.5
2508,0.4
2509,1.9
2510,-0.0
2511,0.7
2512,6.8
2513,5.6
2514,4.5
2515,5.7
2516,3.3
2517,11.6
2518,56.6
2519,7.0
2520,2.3
2521,3.2
2522,6.8
2523,16.3
2524,8.8
2525,6.7
2526,4.7
2527,2.4
2528,1.0
2529,0.6
2530,-0.2
2531,1.7
2532,6.2
2533,15.0
2534,7.3
2535,0.9
2536,0.7
2537,1.2
2538,0.0
2539,0.0
2540,0.1
2541,3.3
2542,4.3
2543,0.7
2544,6.7
2545,7.6
2546,1.9
2547,1.4
2548,-0.0
2549,1.4
2550,0.9
2551,0.8
2552,8.0
2553,14.1
2554,1.6
2555,1.0
2556,0.7
2557,1.6
2558,6.3
2559,28.2
2560,3.0
2561,6.0
2562,7.6
2563,12.0
2564,11.3
2565,1.9
2566,0.5
2567,1.1
2568,0.4
2569,0.8
2570,3.1
2571,-0.4
2572,-0.6
2573,0.7
2574,0.4
2575,0.5
2576,-0.0
2577,1.2
2578,-0.2
2579,5.1
2580,11.2
2581,3.7
2582,3.1
2583,8.8
2584,16.8
2585,15.4
2586,3.5
2587,4.7
2588,11.3
2589,5.4
2590,16.6
2591,10.1
2592,8.5
2593,8.8
2594,12.0
2595,8.0
2596,8.4
2597,5.8
2598,11.6
2599,15.6
2600,12.3
2601,3.8
2602,12.9
2603,7.4
2604,15.4
2605,10.1
2606,16.5
2607,3.5
2608,2.3
2609,4.9
2610,11.2
2611,13.5
2612,7.2
2613,8.8
2614,7.6
2615,11.3
2616,1.1
2617,7.8
2618,4.8
2619,9.9
2620,3.7
2621,2.6
2622,23.7
2623,19.9
2624,12.7
2625,2.0
2626,9.5
2627,8.9
2628,3.9
2629,12.4
2630,5.9
2631,6.8
2632,2.3
2633,5.1
2634,21.3
2635,7.6
2636,3.0
2637,3.1
2638,5.7
2639,0.3
2640,5.0
2641,17.9
2642,60.5
2643,11.1
2644,6.4
2645,34.1
2646,-0.2
2647,1.8
2648,0.4
2649,-0.0
2650,-0.3
2651,0.1
2652,0.1
2653,0.2
2654,12.4
2655,38.3
2656,39.0
2657,12.7
2658,11.6
2659,14.1
2660,7.8
2661,7.5
2662,1.1
2663,6.1
2664,5.5
2665,3.1
2666,1.1
2667,0.2
2668,0.8
2669,0.6
2670,0.3
2671,1.9
2672,5.0
2673,1.7
2674,0.1
2675,-0.6
2676,0.9
2677,1.4
2678,2.8
2679,5.8
2680,3.7
2681,0.1
2682,0.1
2683,1.2
2684,1.2
2685,0.9
2686,0.5
2687,0.6
2688,-0.6
2689,0.7
2690,0.8
2691,3.4
2692,7.1
2693,6.3
2694,2.4
2695,4.7
2696,1.8
2697,0.8
2698,0.3
2699,-0.3
2700,7.0
2701,4.7
2702,14.8
2703,1.5
2704,1.4
2705,1.5
2706,1.7
2707,-0.1
2708,0.9
2709,5.4
2710,3.8
2711,14.0
2712,21.4
2713,53.5
2714,12.9
2715,3.3
2716,6.4
2717,0.3
2718,0.7
2719,4.9
2720,7.0
2721,3.7
2722,3.4
2723,6.6
2724,4.1
2725,0.9
2726,0.2
2727,1.1
2728,1.7
2729,1.6
2730,3.0
2731,1.3
2732,2.3
2733,6.0
2734,1.5
2735,4.1
2736,5.1
2737,7.3
2738,2.8
2739,2.3
2740,1.7
2741,0.5
2742,0.8
2743,1.3
2744,0.7
2745,0.9
2746,4.3
2747,17.4
2748,4.8
2749,14.8
2750,11.7
2751,6.4
2752,4.9
2753,3.8
2754,1.7
2755,1.1
2756,1.4
2757,1.9
2758,1.0
2759,0.7
2760,1.2
2761,1.8
2762,1.0
2763,4.4
2764,6.2
2765,2.8
2766,2.6
2767,0.3
2768,1.4
2769,4.1
2770,6.3
2771,1.6
2772,0.7
2773,1.9
2774,-0.1
2775,4.4
2776,14.1
2777,6.6
2778,6.2
2779,15.7
2780,12.8
2781,3.9
2782,1.1
2783,6.6
2784,11.1
2785,0.3
2786,1.8
2787,1.5
2788,2.0
2789,3.3
2790,2.0
2791,0.6
2792,0.1
2793,0.4
2794,-0.4
2795,0.1
2796,0.7
2797,0.2
2798,1.6
2799,1.4
2800,-0.1
2801,-0.0
2802,1.8
2803,0.7
2804,0.9
2805,8.1
2806,2.3
2807,2.8
2808,4.7
2809,4.3
2810,4.7
2811,1.0
2812,0.7
2813,0.4
2814,13.8
2815,2.2
2816,3.6
2817,-0.3
2818,2.6
2819,11.1
2820,9.1
2821,0.7
2822,3.6
2823,-0.1
2824,-0.4
2825,6.1
2826,0.1
2827,5.4
2828,1.3
2829,1.8
2830,5.6
2831,3.3
2832,4.4
2833,2.9
2834,0.3
2835,0.9
2836,4.0
2837,4.6
2838,2.1
2839,0.1
2840,0.4
2841,1.0
2842,0.1
2843,-0.4
2844,2.5
2845,2.6
2846,1.0
2847,0.2
2848,-0.1
2849,0.6
2850,1.3
2851,0.1
2852,3.3
2853,0.6
2854,-0.5
2855,2.4
2856,1.6
2857,4.6
2858,7.5
2859,4.7
2860,8.5
2861,6.9
2862,4.1
2863,0.8
2864,2.5
2865,2.7
2866,8.3
2867,2.0
2868,0.8
2869,-1.1
2870,2.3
2871,0.8
2872,0.2
2873,0.1
2874,0.1
2875,0.1
2876,0.9
2877,1.7
2878,2.4
2879,7.9
2880,1.0
2881,2.3
2882,1.1
2883,0.7
2884,1.6
2885,2.0
2886,2.9
2887,7.4
2888,1.8
2889,11.9
2890,9.5
2891,5.0
2892,1.9
2893,1.5
2894,5.1
2895,3.5
2896,4.8
2897,1.3
2898,5.4
2899,3.1
2900,0.6
2901,0.6
2902,-1.3
2903,-0.1
2904,0.3
2905,-0.2
2906,0.1
2907,0.4
2908,1.4
2909,0.2
2910,2.1
2911,7.0
2912,1.1
2913,1.2
2914,1.6
2915,1.9
2916,0.8
2917,2.8
2918,6.3
2919,1.4
2920,3.4
2921,3.3
2922,5.2
2923,0.3
2924,-0.4
2925,8.1
2926,19.8
2927,19.0
2928,12.8
2929,9.9
2930,18.2
2931,2.4
2932,4.5
2933,1.6
2934,9.2
2935,6.0
2936,11.0
2937,0.7
2938,3.1
2939,9.9
2940,9.3
2941,10.7
2942,4.1
2943,8.5
2944,7.0
2945,2.5
2946,3.3
2947,9.6
2948,14.7
2949,7.4
2950,13.5
2951,24.1
2952,9.3
2953,12.5
2954,14.3
2955,31.8
2956,12.8
2957,5.4
2958,8.4
2959,7.3
2960,5.8
2961,7.3
2962,47.3
2963,31.7
2964,26.7
2965,13.1
2966,37.1
2967,7.4
2968,11.8
2969,8.3
2970,4.2
2971,0.9
2972,2.3
2973,1.0
2974,5.5
2975,8.0
2976,3.0
2977,2.4
2978,0.7
2979,0.6
2980,3.1
2981,1.4
2982,3.5
2983,23.3
2984,6.0
2985,12.5
2986,10.1
2987,7.3
2988,10.5
2989,41.7
2990,36.1
2991,32.6
2992,22.2
2993,46.6
2994,60.6
2995,20.9
2996,4.8
2997,4.0
2998,26.9
2999,36.7
3000,12.2
3001,12.7
3002,13.4
3003,1.8
3004,1.8
3005,1.5
3006,1.4
3007,0.9
3008,5.8
3009,4.6
3010,13.9
3011,17.0
3012,10.7
3013,7.8
3014,24.2
3015,9.9
3016,13.8
3017,26.9
3018,9.2
3019,19.7
3020,6.9
3021,10.2
3022,15.2
3023,3.0
3024,8.4
3025,9.7
3026,9.8
3027,15.7
3028,14.0
3029,6.9
3030,11.4
3031,2.3
3032,0.8
3033,5.6
3034,4.8
3035,0.3
3036,1.0
3037,7.6
3038,3.7
3039,1.3
3040,8.3
3041,4.6
3042,15.6
3043,0.6
3044,7.5
3045,5.9
3046,23.8
3047,40.6
3048,8.0
3049,1.9
3050,2.2
3051,0.4
3052,7.7
3053,15.1
3054,12.2
3055,34.8
3056,10.7
3057,12.7
3058,1.6
3059,1.1
3060,0.9
3061,0.8
3062,1.9
3063,7.7
3064,1.4
3065,2.7
3066,2.0
3067,2.1
3068,1.4
3069,1.2
3070,1.0
3071,0.7
3072,1.2
3073,23.9
3074,7.5
3075,16.5
3076,22.0
3077,9.5
3078,17.7
3079,10.3
3080,15.2
3081,7.2
3082,5.4
3083,14.8
3084,24.7
3085,8.7
3086,25.1
3087,21.9
3088,13.3
3089,18.3
3090,29.0
3091,24.5
3092,15.3
3093,7.6
3094,14.5
3095,22.3
3096,3.3
3097,1.6
3098,1.0
3099,4.5
3100,4.7
3101,14.6
3102,4.8
3103,10.1
3104,8.2
3105,9.4
3106,19.1
3107,6.3
3108,13.0
3109,2.6
3110,6.4
3111,9.7
3112,43.5
3113,5.8
3114,2.9
3115,1.8
3116,10.6
3117,11.2
3118,3.8
3119,16.1
3120,6.4
3121,4.4
3122,2.4
3123,9.4
3124,53.7
3125,8.2
3126,12.4
3127,4.7
3128,8.9
3129,3.5
3130,10.7
3131,19.7
3132,45.3
3133,19.5
3134,9.9
3135,6.6
3136,6.7
3137,3.0
3138,2.3
3139,-0.4
3140,2.5
3141,2.1
3142,0.0
3143,-0.2
3144,2.6
3145,14.6
3146,24.9
3147,43.8
3148,12.9
3149,13.1
3150,3.4
3151,1.9
3152,8.3
3153,17.7
3154,2.1
3155,2.5
3156,2.2
3157,0.2
3158,0.2
3159,1.2
3160,9.0
3161,6.2
3162,2.5
3163,-0.5
3164,1.1
3165,1.6
3166,19.5
3167,5.0
3168,5.7
3169,1.2
3170,2.4
3171,8.1
3172,0.6
3173,5.5
3174,3.6
3175,1.3
3176,2.2
3177,10.5
3178,10.2
3179,0.9
3180,4.4
3181,11.4
3182,25.4
3183,4.8
3184,2.2
3185,-0.8
3186,7.4
3187,4.1
3188,1.5
3189,2.3
3190,0.8
3191,0.4
3192,5.1
3193,1.9
3194,11.4
3195,3.1
3196,10.2
3197,25.4
3198,18.9
3199,14.2
3200,14.5
3201,9.7
3202,2.7
3203,3.0
3204,14.8
3205,18.1
3206,19.8
3207,9.3
3208,6.3
3209,1.8
3210,0.8
3211,11.6
3212,12.4
3213,45.9
3214,5.1
3215,3.4
3216,9.0
3217,2.2
3218,0.9
3219,0.9
3220,1.0
3221,0.6
3222,1.4
3223,0.3
3224,1.0
3225,6.1
3226,7.0
3227,10.9
3228,4.9
3229,8.9
3230,9.1
3231,13.1
3232,4.4
3233,7.0
3234,9.7
3235,11.9
3236,8.5
3237,22.8
3238,5.2
3239,8.5
3240,7.7
3241,0.8
3242,4.9
3243,10.2
3244,21.5
3245,25.7
3246,3.2
3247,5.6
3248,2.9
3249,5.0
3250,4.9
3251,8.0
3252,9.9
3253,1.4
3254,3.2
3255,3.9
3256,12.7
3257,26.5
3258,19.8
3259,4.7
3260,16.3
3261,15.7
3262,24.3
3263,9.1
3264,3.3
3265,3.8
3266,6.0
3267,2.1
3268,0.9
3269,1.5
3270,12.3
3271,9.1
3272,1.0
3273,1.0
3274,15.3
3275,4.9
3276,7.8
3277,8.7
3278,6.3
3279,7.5
3280,7.7
3281,1.0
3282,2.0
3283,1.3
3284,1.2
3285,1.9
3286,5.5
3287,11.7
3288,5.8
3289,5.2
3290,6.3
3291,15.8
3292,1.5
3293,1.8
3294,11.5
3295,2.1
3296,10.7
3297,7.4
3298,10.5
3299,14.5
3300,3.7
3301,7.6
3302,5.2
3303,5.2
3304,3.2
3305,12.7
3306,8.0
3307,20.2
3308,10.2
3309,1.1
3310,1.7
3311,6.6
3312,6.4
3313,7.4
3314,4.0
3315,2.4
3316,2.3
3317,1.4
3318,7.8
3319,2.7
3320,2.0
3321,0.5
3322,1.5
3323,1.7
3324,1.3
3325,1.3
3326,7.1
3327,10.4
3328,2.5
3329,1.7
3330,0.8
3331,0.5
3332,0.3
3333,1.4
3334,0.3
3335,1.2
3336,5.2
3337,7.5
3338,20.1
3339,9.9
3340,13.1
3341,4.3
3342,9.0
3343,3.1
3344,2.9
3345,7.5
3346,15.4
3347,7.9
3348,6.2
3349,2.2
3350,1.6
3351,0.8
3352,0.5
3353,1.5
3354,1.1
3355,-0.1
3356,0.5
3357,0.8
3358,5.3
3359,3.7
3360,4.7
3361,3.7
3362,1.5
3363,3.0
3364,14.3
3365,13.9
3366,12.5
3367,11.3
3368,39.6
3369,17.4
3370,5.8
3371,20.1
3372,13.4
3373,10.5
3374,11.3
3375,9.7
3376,2.3
3377,0.6
3378,-0.8
3379,0.8
3380,1.2
3381,0.7
3382,0.8
3383,2.9
3384,11.9
3385,3.6
3386,4.9
3387,5.2
3388,7.7
3389,6.0
3390,4.8
3391,8.9
3392,13.8
3393,20.1
3394,10.5
3395,8.4
3396,4.5
3397,4.1
3398,13.8
3399,12.3
3400,6.7
3401,13.0
3402,14.4
3403,16.2
3404,13.7
3405,19.8
3406,20.9
3407,7.6
3408,8.7
3409,10.5
3410,2.8
3411,1.0
3412,1.1
3413,1.6
3414,4.0
3415,12.1
3416,15.1
3417,8.7
3418,1.9
3419,3.9
3420,0.8
3421,4.8
3422,10.8
3423,32.5
3424,12.5
3425,8.9
3426,15.0
3427,18.4
3428,21.9
3429,27.7
3430,25.0
3431,13.3
3432,13.2
3433,23.9
3434,5.4
3435,6.3
3436,11.7
3437,12.1
3438,12.4
3439,35.2
3440,44.1
3441,36.9
3442,17.2
3443,19.4
3444,9.8
3445,9.5
3446,4.6
3447,22.9
3448,9.7
3449,2.6
3450,4.2
3451,3.7
3452,8.4
3453,1.8
3454,0.8
3455,-0.2
3456,2.9
3457,3.9
3458,9.0
3459,7.5
3460,11.7
3461,7.1
3462,14.5
3463,12.3
3464,21.4
3465,5.2
3466,16.7
3467,21.3
3468,41.9
3469,40.5
3470,27.9
3471,16.8
3472,26.7
3473,27.6
3474,10.8
3475,7.4
3476,16.1
3477,9.7
3478,10.0
3479,9.4
3480,11.7
3481,21.4
3482,23.7
3483,23.2
3484,21.1
3485,17.1
3486,17.8
3487,21.3
3488,16.1
3489,25.4
3490,14.5
3491,10.9
3492,12.7
3493,29.7
3494,30.0
3495,9.6
3496,22.9
3497,8.8
3498,11.1
3499,41.9
3500,16.0
3501,38.6
3502,24.0
3503,14.2
3504,24.5
3505,17.8
3506,24.3
3507,13.0
3508,27.3
3509,40.5
3510,34.7
3511,22.8
3512,9.8
3513,39.4
3514,17.3
3515,31.3
3516,33.3
3517,21.5
3518,19.1
3519,26.8
3520,35.1
3521,44.5
3522,14.5
3523,39.9
3524,19.9
3525,21.0
3526,12.1
3527,18.2
3528,39.2
3529,25.0
3530,27.3
3531,13.0
3532,50.9
3533,15.9
3534,27.2
3535,21.1
3536,18.9
3537,16.1
3538,23.9
3539,20.2
3540,20.4
3541,27.9
3542,18.9
3543,19.5
3544,27.9
3545,37.2
3546,17.7
3547,20.2
3548,15.8
3549,30.5
3550,38.0
3551,12.6
3552,21.2
3553,30.9
3554,16.1
3555,27.6
3556,21.7
3557,15.0
3558,18.5
3559,16.7
3560,44.3
3561,16.7
3562,18.3
3563,39.9
3564,18.2
3565,10.6
3566,17.8
3567,21.9
3568,28.0
3569,23.5
3570,24.3
3571,12.8
3572,22.0
3573,42.3
3574,18.3
3575,15.1
3576,5.6
3577,14.6
3578,40.2
3579,31.3
3580,43.3
3581,21.6
3582,25.2
3583,32.2
3584,22.6
3585,20.9
3586,22.6
3587,22.1
3588,19.8
3589,23.8
3590,25.0
3591,17.8
3592,26.9
3593,18.2
3594,27.0
3595,18.2
3596,21.7
3597,13.6
3598,31.5
3599,30.9
3600,20.8
3601,20.7
3602,18.2
3603,18.8
3604,59.8
3605,15.1
3606,19.8
3607,3.7
3608,27.1
3609,4.2
3610,3.4
3611,39.9
3612,47.7
3613,4.2
3614,24.2
3615,10.6
3616,12.7
3617,42.3
3618,24.0
3619,8.5
3620,6.1
3621,8.2
3622,5.0
3623,15.5
3624,16.7
3625,15.5
3626,28.0
3627,38.1
3628,18.2
3629,18.7
3630,19.6
3631,11.1
3632,1.6
3633,10.7
3634,10.7
3635,6.9
3636,10.6
3637,27.8
3638,19.9
3639,15.9
3640,14.5
3641,32.1
3642,30.0
3643,16.8
3644,14.5
3645,11.9
3646,32.0
3647,21.6
3648,11.2
3649,30.8
3650,10.8
3651,21.8
3652,39.4
3653,24.8
3654,18.5
3655,11.6
3656,2.1
3657,6.1
3658,2.1
3659,2.1
3660,30.4
3661,9.3
3662,17.2
3663,18.1
3664,24.5
3665,23.8
3666,41.9
3667,25.6
3668,21.4
3669,31.7
3670,19.9
3671,17.9
3672,28.0
3673,25.5
3674,30.7
3675,23.7
3676,21.2
3677,19.0
3678,8.5
3679,17.1
3680,8.4
3681,7.7
3682,1.1
3683,2.1
3684,2.3
3685,19.4
3686,33.7
3687,27.1
3688,18.4
3689,13.5
3690,13.9
3691,12.2
3692,21.4
3693,19.4
3694,25.0
3695,24.4
3696,35.4
3697,26.6
3698,19.9
3699,15.2
3700,20.1
3701,18.1
3702,23.0
3703,23.9
3704,16.4
3705,15.3
3706,18.4
3707,11.3
3708,25.0
3709,16.2
3710,22.0
3711,24.0
3712,35.4
3713,17.4
3714,12.0
3715,7.2
3716,24.7
3717,13.0
3718,7.0
3719,35.1
3720,28.6
3721,27.6
3722,44.8
3723,24.5
3724,6.1
3725,32.1
3726,6.6
3727,21.7
3728,6.7
3729,16.7
3730,20.2
3731,12.1
3732,21.1
3733,22.1
3734,13.0
3735,14.8
3736,15.3
3737,13.9
3738,23.7
3739,26.2
3740,11.9
3741,17.1
3742,15.0
3743,16.0
3744,19.2
3745,12.2
3746,17.0
3747,13.7
3748,45.1
3749,12.8
3750,9.2
3751,8.9
3752,33.1
3753,44.8
3754,30.6
3755,20.5
3756,21.7
3757,12.2
3758,5.8
3759,25.4
3760,37.7
3761,11.1
3762,9.3
3763,11.7
3764,4.6
3765,8.2
3766,16.7
3767,19.1
3768,12.9
3769,15.0
3770,12.6
3771,10.8
3772,21.4
3773,17.9
3774,32.7
3775,3.3
3776,7.1
3777,20.1
3778,19.5
3779,17.1
3780,26.0
3781,16.6
3782,12.2
3783,11.6
3784,11.8
3785,24.2
3786,13.3
3787,18.0
3788,19.2
3789,30.7
3790,15.8
3791,13.9
3792,27.7
3793,22.8
3794,11.2
3795,21.5
3796,19.1
3797,20.6
3798,18.5
3799,2.0
3800,21.8
3801,24.7
3802,13.4
3803,45.8
3804,26.6
3805,15.6
3806,26.5
3807,30.8
3808,25.3
3809,12.4
3810,22.2
3811,17.6
3812,16.3
3813,30.4
3814,30.7
3815,17.7
3816,13.0
3817,20.2
3818,19.7
3819,16.5
3820,25.9
3821,40.5
3822,18.5
3823,11.4
3824,53.8
3825,54.4
3826,2.7
3827,34.6
3828,20.4
3829,28.1
3830,28.0
3831,12.9
3832,22.2
3833,9.7
3834,28.3
3835,31.5
3836,31.6
3837,19.6
3838,10.6
3839,45.7
3840,34.7
3841,18.7
3842,28.1
3843,24.1
3844,24.5
3845,15.4
3846,16.6
3847,25.9
3848,42.8
3849,10.9
3850,55.1
3851,31.4
3852,13.7
3853,21.4
3854,17.1
3855,19.4
3856,10.2
3857,25.5
3858,19.0
3859,29.0
3860,15.7
3861,15.7
3862,15.2
3863,16.9
3864,24.4
3865,16.6
3866,25.6
3867,-0.3
3868,10.4
3869,35.8
3870,17.4
3871,10.6
3872,9.4
3873,24.1
3874,33.6
3875,13.3
3876,22.3
3877,33.0
3878,6.3
3879,37.9
3880,28.5
3881,21.4
3882,14.7
3883,22.6
3884,14.5
3885,21.7
3886,15.7
3887,22.4
3888,29.2
3889,22.7
3890,32.3
3891,17.9
3892,33.1
3893,13.8
3894,18.5
3895,24.2
3896,20.2
3897,29.6
3898,18.8
3899,17.2
3900,21.7
3901,9.7
3902,7.1
3903,9.4
3904,13.8
3905,22.2
3906,24.1
3907,15.6
3908,20.7
3909,14.8
3910,30.1
3911,16.8
3912,20.9
3913,20.0
3914,32.0
3915,13.1
3916,10.5
3917,18.2
3918,8.5
3919,11.0
3920,8.5
3921,17.5
3922,18.8
3923,3.4
3924,20.3
3925,24.2
3926,19.8
3927,15.9
3928,14.8
3929,54.1
3930,8.6
3931,17.5
3932,20.2
3933,15.5
3934,7.8
3935,15.8
3936,30.5
3937,29.3
3938,16.7
3939,11.0
3940,4.4
3941,18.3
3942,40.8
3943,18.7
3944,13.1
3945,15.8
3946,18.5
3947,30.6
3948,23.8
3949,22.2
3950,25.4
3951,21.9
3952,18.2
3953,14.9
3954,10.3
3955,18.1
3956,21.6
3957,19.0
3958,23.8
3959,19.5
3960,18.6
3961,1.3
3962,2.7
3963,10.5
3964,4.9
3965,1.5
3966,1.6
3967,0.9
3968,12.0
3969,46.3
3970,1.9
3971,0.7
3972,0.9
3973,0.1
3974,2.3
3975,0.3
3976,-0.5
3977,31.1
3978,3.8
3979,0.3
3980,0.1
3981,2.9
3982,7.3
3983,-0.4
3984,12.4
3985,3.9
3986,-0.6
3987,-0.3
3988,1.0
3989,0.7
3990,1.6
3991,0.5
3992,-0.7
3993,-0.2
3994,0.0
3995,0.1
3996,0.1
3997,0.2
3998,2.0
3999,-0.4
4000,-0.3
4001,-0.5
4002,4.5
4003,0.1
4004,0.4
4005,0.2
4006,0.2
4007,2.0
4008,1.9
4009,0.3
4010,0.3
4011,1.0
4012,10.8
4013,27.8
4014,3.4
4015,0.5
4016,-0.4
4017,-0.0
4018,-0.3
4019,4.3
4020,29.2
4021,2.2
4022,6.2
4023,0.9
4024,4.9
4025,5.8
4026,1.3
4027,-0.2
4028,0.9
4029,0.4
4030,3.7
4031,15.4
4032,-0.2
4033,-0.2
4034,1.3
4035,1.7
4036,7.0
4037,2.2
4038,0.9
4039,12.1
4040,45.2
4041,20.8
4042,2.2
4043,2.0
4044,0.3
4045,-0.3
4046,1.1
4047,1.0
4048,4.8
4049,1.6
4050,0.3
4051,0.9
4052,0.5
4053,18.2
4054,4.3
4055,1.5
4056,1.4
4057,0.3
4058,1.3
4059,0.7
4060,31.6
4061,10.9
4062,2.6
4063,3.0
4064,2.3
4065,3.2
4066,2.9
4067,1.4
4068,0.8
4069,0.5
4070,3.4
4071,2.3
4072,1.9
4073,18.4
4074,2.9
4075,1.9
4076,2.1
4077,3.2
4078,2.5
4079,0.8
4080,2.7
4081,2.6
4082,9.6
4083,1.4
4084,3.3
4085,1.6
4086,0.3
4087,0.8
4088,1.0
4089,0.4
4090,0.2
4091,2.3
4092,1.0
4093,4.6
4094,1.5
4095,0.8
4096,2.6
4097,0.5
4098,0.5
4099,-0.2
4100,0.2
4101,0.3
4102,1.5
4103,1.1
4104,0.0
4105,-0.1
4106,-0.3
4107,1.1
4108,0.5
4109,-0.3
4110,-0.2
4111,0.2
4112,-0.1
4113,0.4
4114,0.4
4115,0.2
4116,-0.0
4117,0.4
4118,0.6
4119,0.1
4120,0.4
4121,0.2
4122,1.0
4123,1.0
4124,3.8
4125,0.5
4126,0.5
4127,1.3
4128,-0.4
4129,0.2
4130,0.1
4131,-0.1
4132,0.3
4133,-0.1
4134,1.5
4135,-0.1
4136,0.6
4137,1.9
4138,-0.6
4139,0.1
4140,0.7
4141,0.1
4142,0.3
4143,0.1
4144,0.1
4145,1.5
4146,0.5
4147,0.3
4148,0.4
4149,0.1
4150,0.6
4151,0.3
4152,0.4
4153,0.4
4154,-0.4
4155,0.9
4156,-0.4
4157,-1.0
4158,-1.2
4159,0.1
4160,-0.2
4161,1.4
4162,1.3
4163,1.2
4164,1.6
4165,0.5
4166,0.0
4167,0.4
4168,-0.4
4169,0.4
4170,0.6
4171,-0.2
4172,0.5
4173,1.1
4174,-0.2
4175,0.0
4176,0.0
4177,0.4
4178,-0.3
4179,-0.2
4180,-0.1
4181,0.3
4182,0.1
4183,0.5
4184,6.6
4185,3.8
4186,3.5
4187,2.4
4188,-1.3
4189,2.5
4190,0.5
4191,0.1
4192,1.2
4193,2.5
4194,6.5
4195,2.6
4196,16.0
4197,14.3
4198,0.9
4199,-0.3
4200,0.5
4201,0.4
4202,0.2
4203,0.1
4204,-0.6
4205,-0.8
4206,-0.1
4207,2.2
4208,0.5
4209,1.4
4210,1.3
4211,1.7
4212,0.4
4213,3.9
4214,0.6
4215,-0.1
4216,-0.5
4217,-0.1
4218,0.4
4219,10.0
4220,0.3
4221,-0.2
4222,-0.2
4223,0.9
4224,0.8
4225,0.4
4226,0.2
4227,1.2
4228,3.2
4229,0.5
4230,0.3
4231,0.3
4232,4.8
4233,1.3
4234,1.3
4235,3.4
4236,0.1
4237,-0.2
4238,6.3
4239,1.6
4240,0.4
4241,-0.4
4242,-0.4
4243,0.8
4244,11.5
4245,7.9
4246,0.1
4247,-0.1
4248,0.8
4249,-0.0
4250,0.5
4251,0.8
4252,-0.1
4253,3.0
4254,-0.2
4255,0.6
4256,-0.3
4257,-0.2
4258,22.1
4259,19.4
4260,1.7
4261,-0.0
4262,15.8
4263,3.9
4264,2.3
4265,2.4
4266,-0.4
4267,0.7
4268,-0.2
4269,1.0
4270,0.2
4271,0.6
4272,0.4
4273,-0.6
4274,-0.8
4275,-0.6
4276,-0.2
4277,0.1
4278,7.3
4279,1.4
4280,1.8
4281,2.3
4282,1.1
4283,0.6
4284,-0.5
4285,8.2
4286,21.6
4287,1.0
4288,5.9
4289,2.4
4290,28.4
4291,39.6
4292,0.2
4293,1.4
4294,1.1
4295,9.4
4296,5.9
4297,1.7
4298,0.2
4299,-0.2
4300,0.5
4301,3.3
4302,-1.0
4303,-0.1
4304,1.5
4305,0.7
4306,0.4
4307,-0.2
4308,29.2
4309,2.0
4310,3.2
4311,5.0
4312,-0.1
4313,2.5
4314,18.8
4315,3.5
4316,-0.6
4317,0.7
4318,-0.4
4319,-1.2
4320,-0.6
4321,-0.5
4322,2.4
4323,34.8
4324,5.1
4325,-1.1
4326,-0.1
4327,-0.2
4328,0.6
4329,7.9
4330,23.9
4331,5.6
4332,3.9
4333,7.6
4334,3.5
4335,1.1
4336,7.3
4337,11.6
4338,38.4
4339,0.8
4340,3.6
4341,1.4
4342,8.1
4343,0.2
4344,0.2
4345,5.8
4346,1.4
4347,0.2
4348,-0.3
4349,3.0
4350,1.3
4351,-0.6
4352,1.9
4353,29.6
4354,3.0
4355,-0.4
4356,0.3
4357,-0.3
4358,5.0
4359,0.1
4360,0.5
4361,0.3
4362,-0.9
4363,-0.2
4364,0.1
4365,1.2
4366,1.5
4367,0.7
4368,-0.6
4369,1.0
4370,2.1
4371,15.4
4372,27.2
4373,17.8
4374,0.2
4375,-0.1
4376,27.7
4377,5.7
4378,-0.5
4379,-1.0
4380,-0.2
4381,-0.5
4382,0.5
4383,-0.2
4384,-0.0
4385,-0.1
4386,0.4
4387,28.3
4388,2.8
4389,1.8
4390,-0.5
4391,1.1
4392,0.9
4393,37.1
4394,4.6
4395,0.6
4396,-0.3
4397,0.2
4398,3.8
4399,0.9
4400,6.2
4401,2.3
4402,1.6
4403,0.6
4404,0.4
4405,0.6
4406,2.6
4407,3.2
4408,-0.7
4409,0.2
4410,1.4
4411,1.8
4412,0.4
4413,0.2
4414,5.2
4415,0.3
4416,2.2
4417,2.0
4418,1.5
4419,1.0
4420,0.4
4421,1.1
4422,0.7
4423,0.3
4424,0.1
4425,0.8
4426,25.3
4427,2.4
4428,4.4
4429,2.7
4430,2.3
4431,4.8
4432,1.5
4433,1.3
4434,8.8
4435,2.5
4436,0.9
4437,1.2
4438,0.4
4439,5.4
4440,2.3
4441,6.0
4442,12.4
4443,2.2
4444,0.8
4445,0.3
4446,2.1
4447,1.0
4448,0.2
4449,0.4
4450,1.0
4451,0.4
4452,0.5
4453,1.4
4454,-0.1
4455,0.2
4456,13.4
4457,1.4
4458,0.5
4459,0.5
4460,-0.0
4461,0.5
4462,0.3
4463,-0.1
4464,-0.1
4465,4.4
4466,0.3
4467,3.0
4468,-0.0
4469,0.1
4470,0.3
4471,0.4
4472,-0.0
4473,0.0
4474,2.7
4475,0.9
4476,-0.2
4477,0.3
4478,8.0
4479,6.7
4480,2.7
4481,0.7
4482,-0.1
4483,-0.2
4484,1.7
4485,0.7
4486,-0.2
4487,-0.3
4488,1.4
4489,0.8
4490,0.5
4491,0.9
4492,-0.1
4493,-0.2
4494,-0.1
4495,-0.2
4496,-0.1
4497,0.9
4498,0.5
4499,0.9
4500,0.4
4501,0.6
4502,0.1
4503,0.3
4504,0.2
4505,0.1
4506,0.2
4507,0.4
4508,-0.3
4509,0.9
4510,0.0
4511,0.4
4512,-0.0
4513,0.1
4514,-0.1
4515,-0.1
4516,0.1
4517,0.1
4518,0.3
4519,-0.1
4520,-0.1
4521,0.1
4522,0.1
4523,-0.3
4524,0.0
4525,-0.3
4526,0.6
4527,1.6
4528,-0.0
4529,0.3
4530,0.1
4531,0.2
4532,-0.1
4533,0.2
4534,0.5
4535,0.3
4536,1.0
4537,1.3
4538,0.9
4539,0.2
4540,0.3
4541,0.3
4542,0.9
4543,0.4
4544,0.4
4545,1.0
4546,-0.0
4547,-0.0
4548,0.2
4549,0.0
4550,-0.2
4551,0.3
4552,0.4
4553,-0.1
4554,-0.0
4555,0.0
4556,-0.3
4557,0.1
4558,0.0
4559,0.0
4560,0.2
4561,0.2
4562,0.1
4563,-0.0
4564,0.2
4565,-0.1
4566,0.0
4567,-0.0
4568,0.0
4569,-0.1
4570,0.2
4571,0.2
4572,0.1
4573,0.1
4574,0.1
4575,0.2
4576,0.2
4577,-0.1
4578,0.1
4579,0.0
4580,-0.2
4581,0.0
4582,0.2
4583,0.4
4584,0.3
4585,-0.3
4586,-0.5
4587,-0.4
4588,0.8
4589,0.3
4590,0.2
4591,-0.0
4592,0.4
4593,0.0
4594,0.0
4595,-0.1
4596,-0.2
4597,-0.1
4598,0.2
4599,0.2
4600,-0.0
4601,0.2
4602,0.5
4603,-0.1
4604,1.1
4605,-0.2
4606,0.6
4607,0.1
4608,0.3
4609,0.5
4610,-0.3
4611,0.4
4612,-0.2
4613,0.3
4614,-0.1
4615,-0.3
4616,0.2
4617,0.5
4618,0.1
4619,-0.2
4620,0.1
4621,-0.1
4622,0.0
4623,-0.2
4624,-0.5
4625,-0.3
4626,-0.3
4627,-0.0
4628,0.7
4629,0.2
4630,-0.3
4631,-0.5
4632,-0.1
4633,-0.1
4634,0.4
4635,-0.3
4636,0.5
4637,0.5
4638,0.6
4639,0.6
4640,0.2
4641,-0.2
4642,0.0
4643,-0.1
4644,-0.1
4645,0.1
4646,0.0
4647,-0.6
4648,0.1
4649,-0.0
4650,-0.3
4651,-0.8
4652,-0.2
4653,-0.4
4654,-0.2
4655,-0.2
4656,-0.3
4657,-0.4
4658,-0.5
4659,-0.1
4660,-0.3
4661,0.0
4662,-0.1
4663,0.9
4664,0.3
4665,-0.3
4666,-0.1
4667,-0.3
4668,0.2
4669,-0.1
4670,0.1
4671,-0.2
4672,-0.2
4673,0.0
4674,0.1
4675,-0.0
4676,0.3
4677,-0.1
4678,0.1
4679,0.1
4680,-0.5
4681,-0.3
4682,-0.3
4683,0.2
4684,0.0
4685,-0.1
4686,-0.4
4687,0.2
4688,0.6
4689,0.1
4690,0.2
4691,-0.0
4692,-0.5
4693,-0.5
4694,0.5
4695,-0.1
4696,0.5
4697,-0.1
4698,0.4
4699,-0.3
4700,-0.1
4701,-0.5
4702,-0.3
4703,-0.3
4704,0.4
4705,1.2
4706,-0.2
4707,-0.2
4708,1.3
4709,-0.2
4710,-0.1
4711,0.1
4712,0.4
4713,0.4
4714,0.2
4715,0.0
4716,-0.6
4717,0.1
4718,-0.0
4719,0.0
4720,0.1
4721,-0.1
4722,0.1
4723,-0.4
4724,0.2
4725,0.3
4726,0.2
4727,0.4
4728,0.4
4729,-0.5
4730,-0.2
4731,-0.2
4732,-0.0
4733,0.0
4734,0.8
4735,0.3
4736,-0.4
4737,-0.2
4738,-0.1
4739,-0.6
4740,-0.1
4741,0.3
4742,0.2
4743,0.3
4744,0.2
4745,0.1
4746,-0.1
4747,-0.0
4748,0.0
4749,0.1
4750,-0.1
4751,-0.4
4752,-0.2
4753,-0.2
4754,-0.1
4755,0.6
4756,-0.7
4757,-0.3
4758,0.9
4759,-0.8
4760,1.0
4761,-0.2
4762,0.4
4763,0.7
4764,-0.2
4765,0.3
4766,-0.7
4767,-0.1
4768,0.3
4769,0.6
4770,0.5
4771,-0.4
4772,-0.3
4773,-0.1
4774,-0.5
4775,-0.3
4776,1.4
4777,-0.0
4778,-0.2
4779,-0.3
4780,0.2
4781,-0.4
4782,-0.5
4783,-0.3
4784,-0.1
4785,-0.2
4786,-0.4
4787,-0.3
4788,0.3
4789,-0.0
4790,0.1
4791,-0.1
4792,1.4
4793,0.6
4794,0.0
4795,0.2
4796,0.4
4797,-0.0
4798,0.2
4799,5.7
4800,4.2
4801,0.3
4802,0.3
4803,0.4
4804,0.2
4805,-0.3
4806,0.3
4807,0.2
4808,-0.0
4809,0.2
4810,5.0
4811,-0.2
4812,-0.2
4813,-0.1
4814,-0.0
4815,-0.1
4816,0.2
4817,-0.1
4818,5.2
4819,5.7
4820,3.8
4821,0.3
4822,0.0
4823,0.2
4824,-0.0
4825,0.0
4826,-0.1
4827,-0.1
4828,-0.2
4829,0.0
4830,-0.0
4831,-0.1
4832,0.0
4833,0.0
4834,-0.1
4835,-0.2
4836,-0.1
4837,0.3
4838,-0.0
4839,0.7
4840,0.3
4841,1.1
4842,0.4
4843,0.1
4844,-0.1
4845,-1.0
4846,0.3
4847,0.1
4848,0.2
4849,0.1
4850,0.1
4851,0.6
4852,-0.3
4853,-0.0
4854,0.1
4855,0.0
4856,0.2
4857,-0.0
4858,0.0
4859,0.3
4860,-0.2
4861,4.9
4862,4.0
4863,7.2
4864,1.3
4865,-0.1
4866,0.7
4867,-0.3
4868,0.4
4869,2.0
4870,6.1
4871,-0.3
4872,0.7
4873,-0.1
4874,1.7
4875,1.5
4876,-0.1
4877,0.5
4878,0.1
4879,0.5
4880,0.2
4881,0.3
4882,-0.1
4883,0.1
4884,0.7
4885,0.1
4886,0.3
4887,0.2
4888,0.1
4889,-0.1
4890,0.3
4891,-0.4
4892,0.1
4893,0.2
4894,0.1
4895,0.1
4896,-0.1
4897,-0.1
4898,0.3
4899,-0.1
4900,-0.0
4901,0.1
4902,0.4
4903,0.5
4904,1.3
4905,1.0
4906,1.0
4907,0.1
4908,-0.2
4909,0.1
4910,-0.1
4911,1.1
4912,0.7
4913,0.2
4914,0.5
4915,0.0
4916,-0.0
4917,-0.2
4918,-0.0
4919,-0.0
4920,-0.1
4921,0.0
4922,-0.5
4923,-0.1
4924,-0.1
4925,-0.0
4926,-0.3
4927,0.1
4928,-0.2
4929,-0.1
4930,0.0
4931,-0.2
4932,-0.2
4933,0.2
4934,-0.1
4935,0.2
4936,0.4
4937,0.2
4938,-0.3
4939,-0.0
4940,0.3
4941,0.1
4942,-0.2
4943,1.0
4944,-0.3
4945,-0.1
4946,-0.1
4947,-0.2
4948,-0.2
4949,-0.1
4950,-0.2
4951,-0.0
4952,0.5
4953,0.5
4954,-0.4
4955,0.5
4956,-0.2
4957,-0.4
4958,0.3
4959,0.5
4960,-0.5
4961,-0.1
4962,-0.5
4963,0.3
4964,-0.1
4965,-0.1
4966,0.1
4967,0.3
4968,-0.3
4969,-0.2
4970,-0.2
4971,-0.3
